Color,Predator,mean,std,se
Green,Arthropods,0.3202076,0.1986056,0.03310093
Red,Arthropods,0.2580891,0.154101,0.02568349
Green,Vertebrates,0.097832723,0.111145261,0.01852421
Red,Vertebrates,0.174297924,0.131636447,0.021939408
